metab1, metab2, pcor, pval, adj pval
"Cyanobacteria","Chlorophyceae","0.259","0.193","0.618"
"Cyanobacteria","Euglenophyceae","-0.0829","0.681","0.941"
"Chlorophyceae","Euglenophyceae","-0.0605","0.764","0.966"
"Cyanobacteria","Diatomophyceae","0.176","0.38","0.772"
"Chlorophyceae","Diatomophyceae","-0.28","0.157","0.549"
"Euglenophyceae","Diatomophyceae","-0.361","0.064","0.349"
"Cyanobacteria","Flagellata   ","0.00581","0.977","0.998"
"Chlorophyceae","Flagellata   ","0.285","0.15","0.535"
"Euglenophyceae","Flagellata   ","-0.076","0.706","0.955"
"Diatomophyceae","Flagellata   ","0.382","0.0495","0.312"
"Cyanobacteria","Dinoflagellata ","0.0866","0.667","0.931"
"Chlorophyceae","Dinoflagellata ","-0.14","0.485","0.85"
"Euglenophyceae","Dinoflagellata ","-0.244","0.221","0.666"
"Diatomophyceae","Dinoflagellata ","-0.186","0.353","0.759"
"Flagellata   ","Dinoflagellata ","-0.0617","0.76","0.966"
"Cyanobacteria","Cryptophytes","0.129","0.522","0.87"
"Chlorophyceae","Cryptophytes","-0.191","0.341","0.753"
"Euglenophyceae","Cryptophytes","0.549","0.00302","0.0588"
"Diatomophyceae","Cryptophytes","0.327","0.0956","0.435"
"Flagellata   ","Cryptophytes","0.222","0.266","0.706"
"Dinoflagellata ","Cryptophytes","0.343","0.0797","0.398"
"Cyanobacteria","picophytoplankton","0.108","0.591","0.9"
"Chlorophyceae","picophytoplankton","0.145","0.471","0.844"
"Euglenophyceae","picophytoplankton","0.44","0.0216","0.185"
"Diatomophyceae","picophytoplankton","0.262","0.188","0.612"
"Flagellata   ","picophytoplankton","0.0375","0.853","0.982"
"Dinoflagellata ","picophytoplankton","0.24","0.228","0.672"
"Cryptophytes","picophytoplankton","0.0377","0.852","0.982"
"Cyanobacteria","Bosmina longirostris","-0.051","0.801","0.976"
"Chlorophyceae","Bosmina longirostris","0.282","0.155","0.543"
"Euglenophyceae","Bosmina longirostris","0.208","0.297","0.741"
"Diatomophyceae","Bosmina longirostris","0.491","0.0093","0.108"
"Flagellata   ","Bosmina longirostris","-0.201","0.316","0.741"
"Dinoflagellata ","Bosmina longirostris","0.512","0.00628","0.0875"
"Cryptophytes","Bosmina longirostris","-0.135","0.5","0.857"
"picophytoplankton","Bosmina longirostris","-0.246","0.216","0.666"
"Cyanobacteria","Ceriodaphnia sp.","0.184","0.357","0.759"
"Chlorophyceae","Ceriodaphnia sp.","-0.158","0.431","0.813"
"Euglenophyceae","Ceriodaphnia sp.","0.0131","0.948","0.998"
"Diatomophyceae","Ceriodaphnia sp.","-0.212","0.289","0.741"
"Flagellata   ","Ceriodaphnia sp.","0.235","0.238","0.681"
"Dinoflagellata ","Ceriodaphnia sp.","0.0348","0.863","0.99"
"Cryptophytes","Ceriodaphnia sp.","-0.117","0.562","0.893"
"picophytoplankton","Ceriodaphnia sp.","0.0474","0.815","0.976"
"Bosmina longirostris","Ceriodaphnia sp.","0.0731","0.717","0.956"
"Cyanobacteria","Diaphanosoma brachyurum ","-0.209","0.295","0.741"
"Chlorophyceae","Diaphanosoma brachyurum ","0.0993","0.622","0.908"
"Euglenophyceae","Diaphanosoma brachyurum ","-0.376","0.0533","0.32"
"Diatomophyceae","Diaphanosoma brachyurum ","0.0883","0.661","0.928"
"Flagellata   ","Diaphanosoma brachyurum ","-0.0125","0.951","0.998"
"Dinoflagellata ","Diaphanosoma brachyurum ","-0.0452","0.823","0.976"
"Cryptophytes","Diaphanosoma brachyurum ","0.253","0.203","0.643"
"picophytoplankton","Diaphanosoma brachyurum ","0.174","0.385","0.774"
"Bosmina longirostris","Diaphanosoma brachyurum ","-0.212","0.288","0.741"
"Ceriodaphnia sp.","Diaphanosoma brachyurum ","0.155","0.44","0.82"
"Cyanobacteria","Leptodora kindtii","-0.238","0.231","0.674"
"Chlorophyceae","Leptodora kindtii","0.105","0.601","0.9"
"Euglenophyceae","Leptodora kindtii","0.0185","0.927","0.998"
"Diatomophyceae","Leptodora kindtii","0.0265","0.896","0.995"
"Flagellata   ","Leptodora kindtii","0.171","0.393","0.781"
"Dinoflagellata ","Leptodora kindtii","0.0448","0.824","0.976"
"Cryptophytes","Leptodora kindtii","-0.102","0.612","0.901"
"picophytoplankton","Leptodora kindtii","-0.0168","0.934","0.998"
"Bosmina longirostris","Leptodora kindtii","-0.0369","0.855","0.982"
"Ceriodaphnia sp.","Leptodora kindtii","-0.0248","0.902","0.995"
"Diaphanosoma brachyurum ","Leptodora kindtii","0.000691","0.997","0.998"
"Cyanobacteria","Acartia longiremis","-0.286","0.148","0.535"
"Chlorophyceae","Acartia longiremis","0.229","0.25","0.689"
"Euglenophyceae","Acartia longiremis","-0.214","0.285","0.737"
"Diatomophyceae","Acartia longiremis","-0.0069","0.973","0.998"
"Flagellata   ","Acartia longiremis","-0.142","0.48","0.85"
"Dinoflagellata ","Acartia longiremis","-0.0953","0.637","0.909"
"Cryptophytes","Acartia longiremis","0.615","0.000639","0.0192"
"picophytoplankton","Acartia longiremis","-0.331","0.0915","0.427"
"Bosmina longirostris","Acartia longiremis","-0.208","0.298","0.741"
"Ceriodaphnia sp.","Acartia longiremis","0.149","0.457","0.839"
"Diaphanosoma brachyurum ","Acartia longiremis","-0.349","0.0748","0.384"
"Leptodora kindtii","Acartia longiremis","0.0253","0.9","0.995"
"Cyanobacteria","Acartia tonsa","0.41","0.0337","0.251"
"Chlorophyceae","Acartia tonsa","-0.094","0.641","0.912"
"Euglenophyceae","Acartia tonsa","-0.00403","0.984","0.998"
"Diatomophyceae","Acartia tonsa","-0.0923","0.647","0.916"
"Flagellata   ","Acartia tonsa","-0.192","0.338","0.753"
"Dinoflagellata ","Acartia tonsa","-0.125","0.535","0.879"
"Cryptophytes","Acartia tonsa","-0.0486","0.81","0.976"
"picophytoplankton","Acartia tonsa","0.0725","0.719","0.956"
"Bosmina longirostris","Acartia tonsa","0.132","0.511","0.859"
"Ceriodaphnia sp.","Acartia tonsa","0.203","0.31","0.741"
"Diaphanosoma brachyurum ","Acartia tonsa","0.432","0.0245","0.201"
"Leptodora kindtii","Acartia tonsa","0.102","0.614","0.902"
"Acartia longiremis","Acartia tonsa","0.294","0.136","0.517"
"Cyanobacteria","Eurytemora affinis","-0.208","0.299","0.741"
"Chlorophyceae","Eurytemora affinis","-0.00207","0.992","0.998"
"Euglenophyceae","Eurytemora affinis","-0.145","0.469","0.843"
"Diatomophyceae","Eurytemora affinis","0.0282","0.889","0.993"
"Flagellata   ","Eurytemora affinis","0.423","0.0279","0.22"
"Dinoflagellata ","Eurytemora affinis","0.0757","0.707","0.955"
"Cryptophytes","Eurytemora affinis","-0.108","0.592","0.9"
"picophytoplankton","Eurytemora affinis","0.186","0.354","0.759"
"Bosmina longirostris","Eurytemora affinis","0.0605","0.764","0.966"
"Ceriodaphnia sp.","Eurytemora affinis","0.144","0.474","0.849"
"Diaphanosoma brachyurum ","Eurytemora affinis","-0.379","0.0512","0.313"
"Leptodora kindtii","Eurytemora affinis","-0.123","0.543","0.884"
"Acartia longiremis","Eurytemora affinis","0.176","0.379","0.772"
"Acartia tonsa","Eurytemora affinis","0.336","0.0865","0.417"
"Cyanobacteria","Cyclops sp. ","0.0738","0.714","0.955"
"Chlorophyceae","Cyclops sp. ","0.108","0.592","0.9"
"Euglenophyceae","Cyclops sp. ","0.221","0.268","0.706"
"Diatomophyceae","Cyclops sp. ","-0.0244","0.904","0.995"
"Flagellata   ","Cyclops sp. ","-0.129","0.521","0.87"
"Dinoflagellata ","Cyclops sp. ","-0.106","0.6","0.9"
"Cryptophytes","Cyclops sp. ","0.0325","0.872","0.993"
"picophytoplankton","Cyclops sp. ","-0.183","0.36","0.764"
"Bosmina longirostris","Cyclops sp. ","0.108","0.592","0.9"
"Ceriodaphnia sp.","Cyclops sp. ","0.146","0.469","0.843"
"Diaphanosoma brachyurum ","Cyclops sp. ","0.629","0.000441","0.0162"
"Leptodora kindtii","Cyclops sp. ","0.0227","0.91","0.996"
"Acartia longiremis","Cyclops sp. ","-0.0682","0.735","0.96"
"Acartia tonsa","Cyclops sp. ","-0.518","0.00564","0.0815"
"Eurytemora affinis","Cyclops sp. ","0.558","0.00248","0.0508"
"Cyanobacteria","Nauplii Cyclopoida","0.0186","0.926","0.998"
"Chlorophyceae","Nauplii Cyclopoida","0.0255","0.899","0.995"
"Euglenophyceae","Nauplii Cyclopoida","-0.199","0.319","0.744"
"Diatomophyceae","Nauplii Cyclopoida","-0.192","0.337","0.753"
"Flagellata   ","Nauplii Cyclopoida","-0.0696","0.73","0.959"
"Dinoflagellata ","Nauplii Cyclopoida","-0.242","0.225","0.672"
"Cryptophytes","Nauplii Cyclopoida","0.243","0.222","0.666"
"picophytoplankton","Nauplii Cyclopoida","0.0344","0.865","0.991"
"Bosmina longirostris","Nauplii Cyclopoida","0.293","0.138","0.517"
"Ceriodaphnia sp.","Nauplii Cyclopoida","0.138","0.493","0.852"
"Diaphanosoma brachyurum ","Nauplii Cyclopoida","0.398","0.0397","0.274"
"Leptodora kindtii","Nauplii Cyclopoida","-0.00769","0.97","0.998"
"Acartia longiremis","Nauplii Cyclopoida","0.0417","0.836","0.979"
"Acartia tonsa","Nauplii Cyclopoida","-0.551","0.00291","0.0583"
"Eurytemora affinis","Nauplii Cyclopoida","0.165","0.412","0.797"
"Cyclops sp. ","Nauplii Cyclopoida","-0.407","0.0353","0.253"
"Cyanobacteria","Nauplii Calanoida","-0.0299","0.882","0.993"
"Chlorophyceae","Nauplii Calanoida","-0.0737","0.715","0.955"
"Euglenophyceae","Nauplii Calanoida","0.0134","0.947","0.998"
"Diatomophyceae","Nauplii Calanoida","-0.0658","0.745","0.965"
"Flagellata   ","Nauplii Calanoida","0.0287","0.887","0.993"
"Dinoflagellata ","Nauplii Calanoida","0.0242","0.905","0.995"
"Cryptophytes","Nauplii Calanoida","-0.241","0.226","0.672"
"picophytoplankton","Nauplii Calanoida","0.326","0.0973","0.435"
"Bosmina longirostris","Nauplii Calanoida","0.168","0.402","0.785"
"Ceriodaphnia sp.","Nauplii Calanoida","-0.296","0.134","0.517"
"Diaphanosoma brachyurum ","Nauplii Calanoida","0.259","0.191","0.617"
"Leptodora kindtii","Nauplii Calanoida","-0.0298","0.883","0.993"
"Acartia longiremis","Nauplii Calanoida","0.476","0.0121","0.122"
"Acartia tonsa","Nauplii Calanoida","0.309","0.117","0.481"
"Eurytemora affinis","Nauplii Calanoida","-0.049","0.808","0.976"
"Cyclops sp. ","Nauplii Calanoida","0.0642","0.75","0.965"
"Nauplii Cyclopoida","Nauplii Calanoida","0.0691","0.732","0.96"
"Cyanobacteria","Thermocyclops oithonoides","0.115","0.569","0.896"
"Chlorophyceae","Thermocyclops oithonoides","-0.23","0.249","0.689"
"Euglenophyceae","Thermocyclops oithonoides","0.253","0.203","0.643"
"Diatomophyceae","Thermocyclops oithonoides","0.0262","0.897","0.995"
"Flagellata   ","Thermocyclops oithonoides","0.245","0.218","0.666"
"Dinoflagellata ","Thermocyclops oithonoides","0.239","0.229","0.672"
"Cryptophytes","Thermocyclops oithonoides","-0.487","0.00991","0.109"
"picophytoplankton","Thermocyclops oithonoides","-0.00503","0.98","0.998"
"Bosmina longirostris","Thermocyclops oithonoides","-0.0718","0.722","0.956"
"Ceriodaphnia sp.","Thermocyclops oithonoides","-0.21","0.294","0.741"
"Diaphanosoma brachyurum ","Thermocyclops oithonoides","-0.0217","0.914","0.997"
"Leptodora kindtii","Thermocyclops oithonoides","-0.135","0.501","0.857"
"Acartia longiremis","Thermocyclops oithonoides","0.238","0.232","0.674"
"Acartia tonsa","Thermocyclops oithonoides","0.201","0.315","0.741"
"Eurytemora affinis","Thermocyclops oithonoides","-0.0494","0.807","0.976"
"Cyclops sp. ","Thermocyclops oithonoides","0.196","0.328","0.752"
"Nauplii Cyclopoida","Thermocyclops oithonoides","0.546","0.0032","0.0592"
"Nauplii Calanoida","Thermocyclops oithonoides","-0.115","0.567","0.895"
"Cyanobacteria","Eurytemora lacustris","0.24","0.227","0.672"
"Chlorophyceae","Eurytemora lacustris","-0.292","0.139","0.517"
"Euglenophyceae","Eurytemora lacustris","-0.097","0.63","0.908"
"Diatomophyceae","Eurytemora lacustris","-0.245","0.219","0.666"
"Flagellata   ","Eurytemora lacustris","0.0631","0.755","0.966"
"Dinoflagellata ","Eurytemora lacustris","-0.0496","0.806","0.976"
"Cryptophytes","Eurytemora lacustris","-0.221","0.269","0.706"
"picophytoplankton","Eurytemora lacustris","0.325","0.0985","0.437"
"Bosmina longirostris","Eurytemora lacustris","0.448","0.0192","0.171"
"Ceriodaphnia sp.","Eurytemora lacustris","-0.141","0.484","0.85"
"Diaphanosoma brachyurum ","Eurytemora lacustris","0.272","0.169","0.572"
"Leptodora kindtii","Eurytemora lacustris","-0.0817","0.685","0.941"
"Acartia longiremis","Eurytemora lacustris","0.623","0.000512","0.0174"
"Acartia tonsa","Eurytemora lacustris","-0.328","0.0952","0.435"
"Eurytemora affinis","Eurytemora lacustris","-0.0546","0.787","0.976"
"Cyclops sp. ","Eurytemora lacustris","0.011","0.957","0.998"
"Nauplii Cyclopoida","Eurytemora lacustris","-0.178","0.374","0.772"
"Nauplii Calanoida","Eurytemora lacustris","-0.249","0.21","0.656"
"Thermocyclops oithonoides","Eurytemora lacustris","-0.221","0.269","0.706"
"Cyanobacteria","Anureopsis fissa","0.18","0.368","0.772"
"Chlorophyceae","Anureopsis fissa","-0.36","0.0654","0.349"
"Euglenophyceae","Anureopsis fissa","-0.196","0.327","0.752"
"Diatomophyceae","Anureopsis fissa","-0.485","0.0104","0.109"
"Flagellata   ","Anureopsis fissa","0.146","0.469","0.843"
"Dinoflagellata ","Anureopsis fissa","-0.451","0.0181","0.166"
"Cryptophytes","Anureopsis fissa","0.129","0.52","0.87"
"picophytoplankton","Anureopsis fissa","0.189","0.344","0.755"
"Bosmina longirostris","Anureopsis fissa","0.861","8.58e-09","1.12e-06"
"Ceriodaphnia sp.","Anureopsis fissa","-0.0824","0.683","0.941"
"Diaphanosoma brachyurum ","Anureopsis fissa","0.191","0.339","0.753"
"Leptodora kindtii","Anureopsis fissa","0.0611","0.762","0.966"
"Acartia longiremis","Anureopsis fissa","0.176","0.38","0.772"
"Acartia tonsa","Anureopsis fissa","-0.298","0.131","0.517"
"Eurytemora affinis","Anureopsis fissa","0.06","0.766","0.966"
"Cyclops sp. ","Anureopsis fissa","-0.112","0.577","0.9"
"Nauplii Cyclopoida","Anureopsis fissa","-0.316","0.108","0.454"
"Nauplii Calanoida","Anureopsis fissa","0.0417","0.836","0.979"
"Thermocyclops oithonoides","Anureopsis fissa","0.0369","0.855","0.982"
"Eurytemora lacustris","Anureopsis fissa","-0.489","0.00966","0.108"
"Cyanobacteria","Ascomorpha saltans","-0.247","0.214","0.666"
"Chlorophyceae","Ascomorpha saltans","0.0166","0.934","0.998"
"Euglenophyceae","Ascomorpha saltans","0.571","0.00186","0.0444"
"Diatomophyceae","Ascomorpha saltans","0.179","0.372","0.772"
"Flagellata   ","Ascomorpha saltans","0.268","0.176","0.585"
"Dinoflagellata ","Ascomorpha saltans","0.158","0.43","0.812"
"Cryptophytes","Ascomorpha saltans","-0.264","0.184","0.607"
"picophytoplankton","Ascomorpha saltans","-0.318","0.106","0.451"
"Bosmina longirostris","Ascomorpha saltans","-0.0874","0.665","0.929"
"Ceriodaphnia sp.","Ascomorpha saltans","-0.0158","0.938","0.998"
"Diaphanosoma brachyurum ","Ascomorpha saltans","0.00855","0.966","0.998"
"Leptodora kindtii","Ascomorpha saltans","-0.102","0.611","0.901"
"Acartia longiremis","Ascomorpha saltans","-0.0371","0.854","0.982"
"Acartia tonsa","Ascomorpha saltans","0.364","0.062","0.349"
"Eurytemora affinis","Ascomorpha saltans","-0.118","0.558","0.892"
"Cyclops sp. ","Ascomorpha saltans","-0.000861","0.997","0.998"
"Nauplii Cyclopoida","Ascomorpha saltans","0.367","0.0596","0.345"
"Nauplii Calanoida","Ascomorpha saltans","-0.015","0.941","0.998"
"Thermocyclops oithonoides","Ascomorpha saltans","-0.199","0.32","0.744"
"Eurytemora lacustris","Ascomorpha saltans","0.187","0.35","0.759"
"Anureopsis fissa","Ascomorpha saltans","0.149","0.459","0.839"
"Cyanobacteria","Asplanchna priodonta","-0.377","0.0523","0.316"
"Chlorophyceae","Asplanchna priodonta","0.16","0.424","0.809"
"Euglenophyceae","Asplanchna priodonta","-0.23","0.248","0.689"
"Diatomophyceae","Asplanchna priodonta","-0.121","0.549","0.887"
"Flagellata   ","Asplanchna priodonta","0.0102","0.96","0.998"
"Dinoflagellata ","Asplanchna priodonta","-0.297","0.133","0.517"
"Cryptophytes","Asplanchna priodonta","0.472","0.0129","0.129"
"picophytoplankton","Asplanchna priodonta","0.0822","0.684","0.941"
"Bosmina longirostris","Asplanchna priodonta","0.226","0.258","0.695"
"Ceriodaphnia sp.","Asplanchna priodonta","0.0405","0.841","0.979"
"Diaphanosoma brachyurum ","Asplanchna priodonta","-0.406","0.0357","0.253"
"Leptodora kindtii","Asplanchna priodonta","0.0311","0.878","0.993"
"Acartia longiremis","Asplanchna priodonta","-0.546","0.00323","0.0592"
"Acartia tonsa","Asplanchna priodonta","0.523","0.00508","0.0776"
"Eurytemora affinis","Asplanchna priodonta","-0.233","0.243","0.686"
"Cyclops sp. ","Asplanchna priodonta","0.0877","0.663","0.929"
"Nauplii Cyclopoida","Asplanchna priodonta","0.121","0.547","0.887"
"Nauplii Calanoida","Asplanchna priodonta","-0.0169","0.933","0.998"
"Thermocyclops oithonoides","Asplanchna priodonta","0.237","0.233","0.674"
"Eurytemora lacustris","Asplanchna priodonta","0.365","0.0614","0.349"
"Anureopsis fissa","Asplanchna priodonta","-0.0548","0.786","0.976"
"Ascomorpha saltans","Asplanchna priodonta","-0.184","0.357","0.759"
"Cyanobacteria","Brachionus angularis","0.161","0.422","0.806"
"Chlorophyceae","Brachionus angularis","0.0741","0.713","0.955"
"Euglenophyceae","Brachionus angularis","0.159","0.429","0.812"
"Diatomophyceae","Brachionus angularis","0.203","0.309","0.741"
"Flagellata   ","Brachionus angularis","-0.0271","0.893","0.995"
"Dinoflagellata ","Brachionus angularis","0.54","0.00363","0.0643"
"Cryptophytes","Brachionus angularis","-0.393","0.0424","0.285"
"picophytoplankton","Brachionus angularis","-0.0806","0.689","0.941"
"Bosmina longirostris","Brachionus angularis","-0.605","0.000827","0.0222"
"Ceriodaphnia sp.","Brachionus angularis","-0.132","0.511","0.859"
"Diaphanosoma brachyurum ","Brachionus angularis","0.14","0.487","0.85"
"Leptodora kindtii","Brachionus angularis","-0.0158","0.938","0.998"
"Acartia longiremis","Brachionus angularis","0.288","0.145","0.532"
"Acartia tonsa","Brachionus angularis","0.0227","0.911","0.996"
"Eurytemora affinis","Brachionus angularis","0.116","0.565","0.894"
"Cyclops sp. ","Brachionus angularis","-0.0284","0.888","0.993"
"Nauplii Cyclopoida","Brachionus angularis","0.294","0.137","0.517"
"Nauplii Calanoida","Brachionus angularis","-0.198","0.322","0.748"
"Thermocyclops oithonoides","Brachionus angularis","-0.229","0.25","0.689"
"Eurytemora lacustris","Brachionus angularis","0.0795","0.694","0.944"
"Anureopsis fissa","Brachionus angularis","0.611","0.000718","0.02"
"Ascomorpha saltans","Brachionus angularis","-0.0276","0.891","0.994"
"Asplanchna priodonta","Brachionus angularis","0.408","0.0347","0.253"
"Cyanobacteria","Brachionus calyciflorus calyciflorus","-0.245","0.218","0.666"
"Chlorophyceae","Brachionus calyciflorus calyciflorus","0.122","0.543","0.884"
"Euglenophyceae","Brachionus calyciflorus calyciflorus","0.06","0.766","0.966"
"Diatomophyceae","Brachionus calyciflorus calyciflorus","0.132","0.511","0.859"
"Flagellata   ","Brachionus calyciflorus calyciflorus","-0.147","0.465","0.843"
"Dinoflagellata ","Brachionus calyciflorus calyciflorus","0.0132","0.948","0.998"
"Cryptophytes","Brachionus calyciflorus calyciflorus","0.309","0.116","0.481"
"picophytoplankton","Brachionus calyciflorus calyciflorus","-0.326","0.0968","0.435"
"Bosmina longirostris","Brachionus calyciflorus calyciflorus","-0.153","0.447","0.829"
"Ceriodaphnia sp.","Brachionus calyciflorus calyciflorus","0.0907","0.653","0.919"
"Diaphanosoma brachyurum ","Brachionus calyciflorus calyciflorus","-0.189","0.345","0.756"
"Leptodora kindtii","Brachionus calyciflorus calyciflorus","0.0641","0.751","0.965"
"Acartia longiremis","Brachionus calyciflorus calyciflorus","-0.322","0.101","0.439"
"Acartia tonsa","Brachionus calyciflorus calyciflorus","0.296","0.134","0.517"
"Eurytemora affinis","Brachionus calyciflorus calyciflorus","-0.0511","0.8","0.976"
"Cyclops sp. ","Brachionus calyciflorus calyciflorus","0.0699","0.729","0.959"
"Nauplii Cyclopoida","Brachionus calyciflorus calyciflorus","0.233","0.242","0.686"
"Nauplii Calanoida","Brachionus calyciflorus calyciflorus","0.109","0.589","0.9"
"Thermocyclops oithonoides","Brachionus calyciflorus calyciflorus","0.438","0.0224","0.19"
"Eurytemora lacustris","Brachionus calyciflorus calyciflorus","0.351","0.0727","0.383"
"Anureopsis fissa","Brachionus calyciflorus calyciflorus","0.193","0.335","0.753"
"Ascomorpha saltans","Brachionus calyciflorus calyciflorus","-0.299","0.13","0.516"
"Asplanchna priodonta","Brachionus calyciflorus calyciflorus","-0.293","0.138","0.517"
"Brachionus angularis","Brachionus calyciflorus calyciflorus","0.0127","0.95","0.998"
"Cyanobacteria","Brachionus calyciflorus f.amphiceros","0.0961","0.633","0.908"
"Chlorophyceae","Brachionus calyciflorus f.amphiceros","-0.323","0.101","0.438"
"Euglenophyceae","Brachionus calyciflorus f.amphiceros","-0.185","0.355","0.759"
"Diatomophyceae","Brachionus calyciflorus f.amphiceros","-0.526","0.00481","0.0759"
"Flagellata   ","Brachionus calyciflorus f.amphiceros","0.209","0.296","0.741"
"Dinoflagellata ","Brachionus calyciflorus f.amphiceros","-0.529","0.00452","0.0736"
"Cryptophytes","Brachionus calyciflorus f.amphiceros","0.157","0.433","0.815"
"picophytoplankton","Brachionus calyciflorus f.amphiceros","0.206","0.303","0.741"
"Bosmina longirostris","Brachionus calyciflorus f.amphiceros","0.977","2.06e-18","1.61e-15"
"Ceriodaphnia sp.","Brachionus calyciflorus f.amphiceros","-0.076","0.706","0.955"
"Diaphanosoma brachyurum ","Brachionus calyciflorus f.amphiceros","0.263","0.186","0.611"
"Leptodora kindtii","Brachionus calyciflorus f.amphiceros","0.0177","0.93","0.998"
"Acartia longiremis","Brachionus calyciflorus f.amphiceros","0.207","0.3","0.741"
"Acartia tonsa","Brachionus calyciflorus f.amphiceros","-0.197","0.325","0.75"
"Eurytemora affinis","Brachionus calyciflorus f.amphiceros","0.00559","0.978","0.998"
"Cyclops sp. ","Brachionus calyciflorus f.amphiceros","-0.149","0.457","0.839"
"Nauplii Cyclopoida","Brachionus calyciflorus f.amphiceros","-0.33","0.0932","0.43"
"Nauplii Calanoida","Brachionus calyciflorus f.amphiceros","-0.124","0.537","0.879"
"Thermocyclops oithonoides","Brachionus calyciflorus f.amphiceros","0.0616","0.76","0.966"
"Eurytemora lacustris","Brachionus calyciflorus f.amphiceros","-0.485","0.0104","0.109"
"Anureopsis fissa","Brachionus calyciflorus f.amphiceros","-0.88","1.43e-09","2.8e-07"
"Ascomorpha saltans","Brachionus calyciflorus f.amphiceros","0.0994","0.622","0.908"
"Asplanchna priodonta","Brachionus calyciflorus f.amphiceros","-0.155","0.441","0.82"
"Brachionus angularis","Brachionus calyciflorus f.amphiceros","0.612","0.000688","0.0199"
"Brachionus calyciflorus calyciflorus","Brachionus calyciflorus f.amphiceros","0.169","0.4","0.784"
"Cyanobacteria","Brachionus calyciflorus spinosus","-0.0541","0.789","0.976"
"Chlorophyceae","Brachionus calyciflorus spinosus","-0.032","0.874","0.993"
"Euglenophyceae","Brachionus calyciflorus spinosus","-0.171","0.395","0.781"
"Diatomophyceae","Brachionus calyciflorus spinosus","-0.051","0.8","0.976"
"Flagellata   ","Brachionus calyciflorus spinosus","-0.0458","0.821","0.976"
"Dinoflagellata ","Brachionus calyciflorus spinosus","0.225","0.259","0.696"
"Cryptophytes","Brachionus calyciflorus spinosus","0.0648","0.748","0.965"
"picophytoplankton","Brachionus calyciflorus spinosus","0.195","0.331","0.753"
"Bosmina longirostris","Brachionus calyciflorus spinosus","0.0437","0.829","0.976"
"Ceriodaphnia sp.","Brachionus calyciflorus spinosus","-0.00501","0.98","0.998"
"Diaphanosoma brachyurum ","Brachionus calyciflorus spinosus","0.0153","0.94","0.998"
"Leptodora kindtii","Brachionus calyciflorus spinosus","-0.0179","0.929","0.998"
"Acartia longiremis","Brachionus calyciflorus spinosus","0.0456","0.821","0.976"
"Acartia tonsa","Brachionus calyciflorus spinosus","-0.0315","0.876","0.993"
"Eurytemora affinis","Brachionus calyciflorus spinosus","0.00672","0.973","0.998"
"Cyclops sp. ","Brachionus calyciflorus spinosus","-0.00899","0.965","0.998"
"Nauplii Cyclopoida","Brachionus calyciflorus spinosus","-0.00226","0.991","0.998"
"Nauplii Calanoida","Brachionus calyciflorus spinosus","-0.051","0.801","0.976"
"Thermocyclops oithonoides","Brachionus calyciflorus spinosus","0.0143","0.943","0.998"
"Eurytemora lacustris","Brachionus calyciflorus spinosus","-0.187","0.35","0.759"
"Anureopsis fissa","Brachionus calyciflorus spinosus","-0.0402","0.842","0.979"
"Ascomorpha saltans","Brachionus calyciflorus spinosus","0.0935","0.643","0.913"
"Asplanchna priodonta","Brachionus calyciflorus spinosus","0.0437","0.829","0.976"
"Brachionus angularis","Brachionus calyciflorus spinosus","-0.0985","0.625","0.908"
"Brachionus calyciflorus calyciflorus","Brachionus calyciflorus spinosus","0.00946","0.963","0.998"
"Brachionus calyciflorus f.amphiceros","Brachionus calyciflorus spinosus","-0.0444","0.826","0.976"
"Cyanobacteria","Brachionus urceolaris","0.387","0.0461","0.297"
"Chlorophyceae","Brachionus urceolaris","-0.151","0.451","0.834"
"Euglenophyceae","Brachionus urceolaris","0.26","0.191","0.617"
"Diatomophyceae","Brachionus urceolaris","-0.0176","0.931","0.998"
"Flagellata   ","Brachionus urceolaris","-0.185","0.356","0.759"
"Dinoflagellata ","Brachionus urceolaris","0.0079","0.969","0.998"
"Cryptophytes","Brachionus urceolaris","-0.292","0.14","0.517"
"picophytoplankton","Brachionus urceolaris","-0.0491","0.808","0.976"
"Bosmina longirostris","Brachionus urceolaris","0.0286","0.887","0.993"
"Ceriodaphnia sp.","Brachionus urceolaris","-0.132","0.512","0.859"
"Diaphanosoma brachyurum ","Brachionus urceolaris","0.43","0.0252","0.203"
"Leptodora kindtii","Brachionus urceolaris","0.0477","0.813","0.976"
"Acartia longiremis","Brachionus urceolaris","0.285","0.15","0.535"
"Acartia tonsa","Brachionus urceolaris","-0.571","0.00188","0.0444"
"Eurytemora affinis","Brachionus urceolaris","0.734","1.3e-05","0.00102"
"Cyclops sp. ","Brachionus urceolaris","-0.42","0.0291","0.225"
"Nauplii Cyclopoida","Brachionus urceolaris","-0.191","0.34","0.753"
"Nauplii Calanoida","Brachionus urceolaris","0.159","0.429","0.812"
"Thermocyclops oithonoides","Brachionus urceolaris","-0.279","0.158","0.549"
"Eurytemora lacustris","Brachionus urceolaris","-0.293","0.138","0.517"
"Anureopsis fissa","Brachionus urceolaris","-0.208","0.298","0.741"
"Ascomorpha saltans","Brachionus urceolaris","0.162","0.421","0.806"
"Asplanchna priodonta","Brachionus urceolaris","0.579","0.00156","0.0393"
"Brachionus angularis","Brachionus urceolaris","-0.171","0.393","0.781"
"Brachionus calyciflorus calyciflorus","Brachionus urceolaris","0.523","0.00517","0.0776"
"Brachionus calyciflorus f.amphiceros","Brachionus urceolaris","-0.106","0.6","0.9"
"Brachionus calyciflorus spinosus","Brachionus urceolaris","0.00174","0.993","0.998"
"Cyanobacteria","Brachionus calyciflorus f.anureiformis","-0.228","0.252","0.689"
"Chlorophyceae","Brachionus calyciflorus f.anureiformis","0.206","0.303","0.741"
"Euglenophyceae","Brachionus calyciflorus f.anureiformis","0.24","0.229","0.672"
"Diatomophyceae","Brachionus calyciflorus f.anureiformis","0.52","0.00539","0.0793"
"Flagellata   ","Brachionus calyciflorus f.anureiformis","-0.0703","0.728","0.959"
"Dinoflagellata ","Brachionus calyciflorus f.anureiformis","0.195","0.33","0.753"
"Cryptophytes","Brachionus calyciflorus f.anureiformis","-0.127","0.527","0.875"
"picophytoplankton","Brachionus calyciflorus f.anureiformis","-0.108","0.591","0.9"
"Bosmina longirostris","Brachionus calyciflorus f.anureiformis","-0.5","0.00793","0.104"
"Ceriodaphnia sp.","Brachionus calyciflorus f.anureiformis","0.138","0.492","0.852"
"Diaphanosoma brachyurum ","Brachionus calyciflorus f.anureiformis","-0.417","0.0304","0.228"
"Leptodora kindtii","Brachionus calyciflorus f.anureiformis","-0.066","0.744","0.965"
"Acartia longiremis","Brachionus calyciflorus f.anureiformis","-0.122","0.546","0.887"
"Acartia tonsa","Brachionus calyciflorus f.anureiformis","0.203","0.309","0.741"
"Eurytemora affinis","Brachionus calyciflorus f.anureiformis","-0.367","0.0597","0.345"
"Cyclops sp. ","Brachionus calyciflorus f.anureiformis","0.382","0.0495","0.312"
"Nauplii Cyclopoida","Brachionus calyciflorus f.anureiformis","0.202","0.311","0.741"
"Nauplii Calanoida","Brachionus calyciflorus f.anureiformis","0.21","0.292","0.741"
"Thermocyclops oithonoides","Brachionus calyciflorus f.anureiformis","-0.0513","0.799","0.976"
"Eurytemora lacustris","Brachionus calyciflorus f.anureiformis","0.243","0.222","0.666"
"Anureopsis fissa","Brachionus calyciflorus f.anureiformis","0.381","0.0499","0.312"
"Ascomorpha saltans","Brachionus calyciflorus f.anureiformis","-0.193","0.335","0.753"
"Asplanchna priodonta","Brachionus calyciflorus f.anureiformis","-0.00707","0.972","0.998"
"Brachionus angularis","Brachionus calyciflorus f.anureiformis","0.202","0.312","0.741"
"Brachionus calyciflorus calyciflorus","Brachionus calyciflorus f.anureiformis","-0.107","0.596","0.9"
"Brachionus calyciflorus f.amphiceros","Brachionus calyciflorus f.anureiformis","0.529","0.00453","0.0736"
"Brachionus calyciflorus spinosus","Brachionus calyciflorus f.anureiformis","0.175","0.382","0.772"
"Brachionus urceolaris","Brachionus calyciflorus f.anureiformis","0.276","0.164","0.561"
"Cyanobacteria","Filinia longiseta","0.0831","0.68","0.941"
"Chlorophyceae","Filinia longiseta","-0.117","0.56","0.893"
"Euglenophyceae","Filinia longiseta","0.444","0.0205","0.178"
"Diatomophyceae","Filinia longiseta","0.0527","0.794","0.976"
"Flagellata   ","Filinia longiseta","0.187","0.35","0.759"
"Dinoflagellata ","Filinia longiseta","0.0446","0.825","0.976"
"Cryptophytes","Filinia longiseta","-0.361","0.0647","0.349"
"picophytoplankton","Filinia longiseta","-0.284","0.151","0.535"
"Bosmina longirostris","Filinia longiseta","0.146","0.468","0.843"
"Ceriodaphnia sp.","Filinia longiseta","0.0211","0.917","0.997"
"Diaphanosoma brachyurum ","Filinia longiseta","0.448","0.0191","0.171"
"Leptodora kindtii","Filinia longiseta","-0.15","0.455","0.839"
"Acartia longiremis","Filinia longiseta","0.271","0.171","0.576"
"Acartia tonsa","Filinia longiseta","-0.379","0.0512","0.313"
"Eurytemora affinis","Filinia longiseta","0.106","0.599","0.9"
"Cyclops sp. ","Filinia longiseta","-0.229","0.251","0.689"
"Nauplii Cyclopoida","Filinia longiseta","-0.406","0.0355","0.253"
"Nauplii Calanoida","Filinia longiseta","0.133","0.507","0.859"
"Thermocyclops oithonoides","Filinia longiseta","-0.204","0.308","0.741"
"Eurytemora lacustris","Filinia longiseta","-0.306","0.121","0.49"
"Anureopsis fissa","Filinia longiseta","-0.244","0.219","0.666"
"Ascomorpha saltans","Filinia longiseta","0.00798","0.969","0.998"
"Asplanchna priodonta","Filinia longiseta","0.494","0.00883","0.108"
"Brachionus angularis","Filinia longiseta","0.205","0.304","0.741"
"Brachionus calyciflorus calyciflorus","Filinia longiseta","0.4","0.0387","0.271"
"Brachionus calyciflorus f.amphiceros","Filinia longiseta","-0.212","0.29","0.741"
"Brachionus calyciflorus spinosus","Filinia longiseta","0.102","0.612","0.901"
"Brachionus urceolaris","Filinia longiseta","-0.461","0.0156","0.147"
"Brachionus calyciflorus f.anureiformis","Filinia longiseta","-0.134","0.505","0.859"
"Cyanobacteria","Keratella cochlearis cochlearis","0.132","0.512","0.859"
"Chlorophyceae","Keratella cochlearis cochlearis","-0.0417","0.837","0.979"
"Euglenophyceae","Keratella cochlearis cochlearis","0.619","0.000579","0.0181"
"Diatomophyceae","Keratella cochlearis cochlearis","-0.0408","0.84","0.979"
"Flagellata   ","Keratella cochlearis cochlearis","0.148","0.46","0.839"
"Dinoflagellata ","Keratella cochlearis cochlearis","0.169","0.4","0.784"
"Cryptophytes","Keratella cochlearis cochlearis","-0.303","0.124","0.498"
"picophytoplankton","Keratella cochlearis cochlearis","-0.418","0.0302","0.228"
"Bosmina longirostris","Keratella cochlearis cochlearis","0.0606","0.764","0.966"
"Ceriodaphnia sp.","Keratella cochlearis cochlearis","-0.193","0.335","0.753"
"Diaphanosoma brachyurum ","Keratella cochlearis cochlearis","0.496","0.00846","0.108"
"Leptodora kindtii","Keratella cochlearis cochlearis","-0.00266","0.989","0.998"
"Acartia longiremis","Keratella cochlearis cochlearis","0.0809","0.688","0.941"
"Acartia tonsa","Keratella cochlearis cochlearis","0.111","0.58","0.9"
"Eurytemora affinis","Keratella cochlearis cochlearis","0.381","0.05","0.312"
"Cyclops sp. ","Keratella cochlearis cochlearis","-0.362","0.0632","0.349"
"Nauplii Cyclopoida","Keratella cochlearis cochlearis","0.188","0.349","0.759"
"Nauplii Calanoida","Keratella cochlearis cochlearis","-0.0969","0.631","0.908"
"Thermocyclops oithonoides","Keratella cochlearis cochlearis","-0.232","0.244","0.686"
"Eurytemora lacustris","Keratella cochlearis cochlearis","0.0504","0.803","0.976"
"Anureopsis fissa","Keratella cochlearis cochlearis","0.0213","0.916","0.997"
"Ascomorpha saltans","Keratella cochlearis cochlearis","-0.422","0.0283","0.221"
"Asplanchna priodonta","Keratella cochlearis cochlearis","0.0702","0.728","0.959"
"Brachionus angularis","Keratella cochlearis cochlearis","-0.359","0.0658","0.349"
"Brachionus calyciflorus calyciflorus","Keratella cochlearis cochlearis","-0.0981","0.626","0.908"
"Brachionus calyciflorus f.amphiceros","Keratella cochlearis cochlearis","-0.0918","0.649","0.917"
"Brachionus calyciflorus spinosus","Keratella cochlearis cochlearis","-0.000472","0.998","0.998"
"Brachionus urceolaris","Keratella cochlearis cochlearis","-0.323","0.1","0.438"
"Brachionus calyciflorus f.anureiformis","Keratella cochlearis cochlearis","0.499","0.00802","0.104"
"Filinia longiseta","Keratella cochlearis cochlearis","-0.14","0.487","0.85"
"Cyanobacteria","Keratella cochlearis f.tecta","0.207","0.301","0.741"
"Chlorophyceae","Keratella cochlearis f.tecta","-0.0774","0.701","0.953"
"Euglenophyceae","Keratella cochlearis f.tecta","-0.372","0.056","0.331"
"Diatomophyceae","Keratella cochlearis f.tecta","0.0522","0.796","0.976"
"Flagellata   ","Keratella cochlearis f.tecta","-0.113","0.575","0.9"
"Dinoflagellata ","Keratella cochlearis f.tecta","-0.0511","0.8","0.976"
"Cryptophytes","Keratella cochlearis f.tecta","0.176","0.381","0.772"
"picophytoplankton","Keratella cochlearis f.tecta","0.0123","0.952","0.998"
"Bosmina longirostris","Keratella cochlearis f.tecta","-0.174","0.385","0.774"
"Ceriodaphnia sp.","Keratella cochlearis f.tecta","0.0804","0.69","0.941"
"Diaphanosoma brachyurum ","Keratella cochlearis f.tecta","-0.284","0.151","0.535"
"Leptodora kindtii","Keratella cochlearis f.tecta","0.0206","0.919","0.998"
"Acartia longiremis","Keratella cochlearis f.tecta","-0.105","0.603","0.9"
"Acartia tonsa","Keratella cochlearis f.tecta","-0.343","0.0796","0.398"
"Eurytemora affinis","Keratella cochlearis f.tecta","-0.068","0.736","0.96"
"Cyclops sp. ","Keratella cochlearis f.tecta","0.292","0.14","0.517"
"Nauplii Cyclopoida","Keratella cochlearis f.tecta","-0.106","0.6","0.9"
"Nauplii Calanoida","Keratella cochlearis f.tecta","0.51","0.00663","0.0908"
"Thermocyclops oithonoides","Keratella cochlearis f.tecta","0.0248","0.902","0.995"
"Eurytemora lacustris","Keratella cochlearis f.tecta","-0.0927","0.646","0.916"
"Anureopsis fissa","Keratella cochlearis f.tecta","-0.0805","0.69","0.941"
"Ascomorpha saltans","Keratella cochlearis f.tecta","0.361","0.0643","0.349"
"Asplanchna priodonta","Keratella cochlearis f.tecta","0.324","0.0992","0.437"
"Brachionus angularis","Keratella cochlearis f.tecta","0.227","0.254","0.691"
"Brachionus calyciflorus calyciflorus","Keratella cochlearis f.tecta","0.127","0.529","0.875"
"Brachionus calyciflorus f.amphiceros","Keratella cochlearis f.tecta","0.14","0.487","0.85"
"Brachionus calyciflorus spinosus","Keratella cochlearis f.tecta","0.0399","0.843","0.979"
"Brachionus urceolaris","Keratella cochlearis f.tecta","-0.124","0.538","0.879"
"Brachionus calyciflorus f.anureiformis","Keratella cochlearis f.tecta","-0.432","0.0244","0.201"
"Filinia longiseta","Keratella cochlearis f.tecta","-0.14","0.485","0.85"
"Keratella cochlearis cochlearis","Keratella cochlearis f.tecta","0.691","6.64e-05","0.00417"
"Cyanobacteria","Keratella quadrata","-0.191","0.34","0.753"
"Chlorophyceae","Keratella quadrata","0.109","0.587","0.9"
"Euglenophyceae","Keratella quadrata","-0.176","0.379","0.772"
"Diatomophyceae","Keratella quadrata","0.0837","0.678","0.941"
"Flagellata   ","Keratella quadrata","-0.138","0.491","0.852"
"Dinoflagellata ","Keratella quadrata","0.106","0.598","0.9"
"Cryptophytes","Keratella quadrata","0.276","0.164","0.561"
"picophytoplankton","Keratella quadrata","-0.104","0.606","0.9"
"Bosmina longirostris","Keratella quadrata","-0.295","0.136","0.517"
"Ceriodaphnia sp.","Keratella quadrata","-0.0219","0.914","0.997"
"Diaphanosoma brachyurum ","Keratella quadrata","-0.486","0.0102","0.109"
"Leptodora kindtii","Keratella quadrata","0.0752","0.709","0.955"
"Acartia longiremis","Keratella quadrata","-0.388","0.0456","0.297"
"Acartia tonsa","Keratella quadrata","0.536","0.00396","0.0686"
"Eurytemora affinis","Keratella quadrata","-0.0826","0.682","0.941"
"Cyclops sp. ","Keratella quadrata","0.309","0.117","0.481"
"Nauplii Cyclopoida","Keratella quadrata","0.681","9.11e-05","0.00508"
"Nauplii Calanoida","Keratella quadrata","0.0448","0.824","0.976"
"Thermocyclops oithonoides","Keratella quadrata","0.0291","0.885","0.993"
"Eurytemora lacustris","Keratella quadrata","0.387","0.046","0.297"
"Anureopsis fissa","Keratella quadrata","0.342","0.0806","0.398"
"Ascomorpha saltans","Keratella quadrata","-0.227","0.255","0.692"
"Asplanchna priodonta","Keratella quadrata","-0.39","0.0441","0.292"
"Brachionus angularis","Keratella quadrata","-0.219","0.273","0.713"
"Brachionus calyciflorus calyciflorus","Keratella quadrata","-0.676","0.000109","0.00565"
"Brachionus calyciflorus f.amphiceros","Keratella quadrata","0.335","0.0872","0.417"
"Brachionus calyciflorus spinosus","Keratella quadrata","-0.0519","0.797","0.976"
"Brachionus urceolaris","Keratella quadrata","0.476","0.012","0.122"
"Brachionus calyciflorus f.anureiformis","Keratella quadrata","-0.0456","0.821","0.976"
"Filinia longiseta","Keratella quadrata","0.755","5.43e-06","0.000529"
"Keratella cochlearis cochlearis","Keratella quadrata","-0.0411","0.839","0.979"
"Keratella cochlearis f.tecta","Keratella quadrata","0.0864","0.668","0.931"
"Cyanobacteria","Pedalia mira","0.362","0.0633","0.349"
"Chlorophyceae","Pedalia mira","-0.201","0.314","0.741"
"Euglenophyceae","Pedalia mira","0.349","0.0743","0.384"
"Diatomophyceae","Pedalia mira","0.0121","0.952","0.998"
"Flagellata   ","Pedalia mira","0.00106","0.996","0.998"
"Dinoflagellata ","Pedalia mira","0.0551","0.785","0.976"
"Cryptophytes","Pedalia mira","-0.463","0.015","0.143"
"picophytoplankton","Pedalia mira","0.0175","0.931","0.998"
"Bosmina longirostris","Pedalia mira","0.0646","0.749","0.965"
"Ceriodaphnia sp.","Pedalia mira","-0.181","0.365","0.772"
"Diaphanosoma brachyurum ","Pedalia mira","0.359","0.0656","0.349"
"Leptodora kindtii","Pedalia mira","-0.0199","0.922","0.998"
"Acartia longiremis","Pedalia mira","0.373","0.0551","0.328"
"Acartia tonsa","Pedalia mira","-0.394","0.0418","0.285"
"Eurytemora affinis","Pedalia mira","0.447","0.0195","0.171"
"Cyclops sp. ","Pedalia mira","-0.162","0.42","0.806"
"Nauplii Cyclopoida","Pedalia mira","-0.11","0.585","0.9"
"Nauplii Calanoida","Pedalia mira","0.00382","0.985","0.998"
"Thermocyclops oithonoides","Pedalia mira","-0.492","0.00912","0.108"
"Eurytemora lacustris","Pedalia mira","-0.348","0.0752","0.384"
"Anureopsis fissa","Pedalia mira","-0.207","0.301","0.741"
"Ascomorpha saltans","Pedalia mira","0.111","0.582","0.9"
"Asplanchna priodonta","Pedalia mira","0.562","0.00228","0.0494"
"Brachionus angularis","Pedalia mira","-0.061","0.762","0.966"
"Brachionus calyciflorus calyciflorus","Pedalia mira","0.738","1.11e-05","0.00096"
"Brachionus calyciflorus f.amphiceros","Pedalia mira","-0.124","0.537","0.879"
"Brachionus calyciflorus spinosus","Pedalia mira","0.049","0.808","0.976"
"Brachionus urceolaris","Pedalia mira","-0.851","1.87e-08","2.08e-06"
"Brachionus calyciflorus f.anureiformis","Pedalia mira","0.0654","0.746","0.965"
"Filinia longiseta","Pedalia mira","-0.628","0.000447","0.0162"
"Keratella cochlearis cochlearis","Pedalia mira","-0.221","0.269","0.706"
"Keratella cochlearis f.tecta","Pedalia mira","-0.132","0.51","0.859"
"Keratella quadrata","Pedalia mira","0.672","0.000125","0.00573"
"Cyanobacteria","Polyarthra vulgaris","-0.391","0.0438","0.292"
"Chlorophyceae","Polyarthra vulgaris","0.254","0.2","0.64"
"Euglenophyceae","Polyarthra vulgaris","-0.157","0.435","0.816"
"Diatomophyceae","Polyarthra vulgaris","0.166","0.408","0.794"
"Flagellata   ","Polyarthra vulgaris","-0.163","0.416","0.803"
"Dinoflagellata ","Polyarthra vulgaris","-0.0535","0.791","0.976"
"Cryptophytes","Polyarthra vulgaris","0.228","0.253","0.69"
"picophytoplankton","Polyarthra vulgaris","0.111","0.581","0.9"
"Bosmina longirostris","Polyarthra vulgaris","-0.109","0.59","0.9"
"Ceriodaphnia sp.","Polyarthra vulgaris","0.262","0.187","0.612"
"Diaphanosoma brachyurum ","Polyarthra vulgaris","-0.628","0.000456","0.0162"
"Leptodora kindtii","Polyarthra vulgaris","-0.000634","0.997","0.998"
"Acartia longiremis","Polyarthra vulgaris","-0.331","0.0913","0.427"
"Acartia tonsa","Polyarthra vulgaris","0.491","0.00932","0.108"
"Eurytemora affinis","Polyarthra vulgaris","-0.325","0.0976","0.435"
"Cyclops sp. ","Polyarthra vulgaris","0.336","0.0861","0.417"
"Nauplii Cyclopoida","Polyarthra vulgaris","0.431","0.0249","0.202"
"Nauplii Calanoida","Polyarthra vulgaris","0.178","0.374","0.772"
"Thermocyclops oithonoides","Polyarthra vulgaris","0.0386","0.848","0.982"
"Eurytemora lacustris","Polyarthra vulgaris","0.307","0.12","0.489"
"Anureopsis fissa","Polyarthra vulgaris","0.197","0.324","0.75"
"Ascomorpha saltans","Polyarthra vulgaris","-0.2","0.316","0.741"
"Asplanchna priodonta","Polyarthra vulgaris","-0.62","0.000556","0.0181"
"Brachionus angularis","Polyarthra vulgaris","0.103","0.608","0.901"
"Brachionus calyciflorus calyciflorus","Polyarthra vulgaris","-0.339","0.0835","0.407"
"Brachionus calyciflorus f.amphiceros","Polyarthra vulgaris","0.177","0.377","0.772"
"Brachionus calyciflorus spinosus","Polyarthra vulgaris","0.00371","0.985","0.998"
"Brachionus urceolaris","Polyarthra vulgaris","0.464","0.0148","0.143"
"Brachionus calyciflorus f.anureiformis","Polyarthra vulgaris","-0.246","0.217","0.666"
"Filinia longiseta","Polyarthra vulgaris","0.504","0.00735","0.0989"
"Keratella cochlearis cochlearis","Polyarthra vulgaris","0.173","0.388","0.778"
"Keratella cochlearis f.tecta","Polyarthra vulgaris","0.0655","0.745","0.965"
"Keratella quadrata","Polyarthra vulgaris","-0.559","0.00242","0.0508"
"Pedalia mira","Polyarthra vulgaris","0.491","0.00939","0.108"
"Cyanobacteria","Polyarthra platyptera","0.05","0.804","0.976"
"Chlorophyceae","Polyarthra platyptera","-0.179","0.372","0.772"
"Euglenophyceae","Polyarthra platyptera","0.169","0.398","0.784"
"Diatomophyceae","Polyarthra platyptera","-0.0559","0.782","0.976"
"Flagellata   ","Polyarthra platyptera","0.35","0.0732","0.383"
"Dinoflagellata ","Polyarthra platyptera","0.181","0.366","0.772"
"Cryptophytes","Polyarthra platyptera","-0.318","0.106","0.451"
"picophytoplankton","Polyarthra platyptera","-0.0336","0.868","0.991"
"Bosmina longirostris","Polyarthra platyptera","0.0124","0.951","0.998"
"Ceriodaphnia sp.","Polyarthra platyptera","-0.494","0.00883","0.108"
"Diaphanosoma brachyurum ","Polyarthra platyptera","0.119","0.556","0.892"
"Leptodora kindtii","Polyarthra platyptera","-0.0951","0.637","0.909"
"Acartia longiremis","Polyarthra platyptera","0.284","0.151","0.535"
"Acartia tonsa","Polyarthra platyptera","0.564","0.00219","0.0487"
"Eurytemora affinis","Polyarthra platyptera","-0.126","0.533","0.879"
"Cyclops sp. ","Polyarthra platyptera","0.305","0.122","0.492"
"Nauplii Cyclopoida","Polyarthra platyptera","0.251","0.206","0.65"
"Nauplii Calanoida","Polyarthra platyptera","-0.594","0.00108","0.028"
"Thermocyclops oithonoides","Polyarthra platyptera","-0.333","0.09","0.425"
"Eurytemora lacustris","Polyarthra platyptera","-0.118","0.557","0.892"
"Anureopsis fissa","Polyarthra platyptera","0.0887","0.66","0.928"
"Ascomorpha saltans","Polyarthra platyptera","-0.19","0.342","0.753"
"Asplanchna priodonta","Polyarthra platyptera","0.098","0.627","0.908"
"Brachionus angularis","Polyarthra platyptera","-0.224","0.262","0.702"
"Brachionus calyciflorus calyciflorus","Polyarthra platyptera","0.0721","0.721","0.956"
"Brachionus calyciflorus f.amphiceros","Polyarthra platyptera","0.00257","0.99","0.998"
"Brachionus calyciflorus spinosus","Polyarthra platyptera","0.0109","0.957","0.998"
"Brachionus urceolaris","Polyarthra platyptera","0.103","0.609","0.901"
"Brachionus calyciflorus f.anureiformis","Polyarthra platyptera","0.0458","0.82","0.976"
"Filinia longiseta","Polyarthra platyptera","-0.0427","0.832","0.979"
"Keratella cochlearis cochlearis","Polyarthra platyptera","-0.286","0.148","0.535"
"Keratella cochlearis f.tecta","Polyarthra platyptera","0.33","0.0933","0.43"
"Keratella quadrata","Polyarthra platyptera","-0.0235","0.908","0.996"
"Pedalia mira","Polyarthra platyptera","-0.106","0.599","0.9"
"Polyarthra vulgaris","Polyarthra platyptera","0.348","0.0754","0.384"
"Cyanobacteria","Pompholyx sp.","-0.296","0.134","0.517"
"Chlorophyceae","Pompholyx sp.","0.0254","0.9","0.995"
"Euglenophyceae","Pompholyx sp.","0.291","0.141","0.518"
"Diatomophyceae","Pompholyx sp.","0.318","0.106","0.451"
"Flagellata   ","Pompholyx sp.","0.0745","0.712","0.955"
"Dinoflagellata ","Pompholyx sp.","0.27","0.173","0.579"
"Cryptophytes","Pompholyx sp.","-0.408","0.0347","0.253"
"picophytoplankton","Pompholyx sp.","-0.00151","0.994","0.998"
"Bosmina longirostris","Pompholyx sp.","-0.165","0.412","0.797"
"Ceriodaphnia sp.","Pompholyx sp.","-0.0232","0.909","0.996"
"Diaphanosoma brachyurum ","Pompholyx sp.","0.051","0.801","0.976"
"Leptodora kindtii","Pompholyx sp.","-0.194","0.332","0.753"
"Acartia longiremis","Pompholyx sp.","0.191","0.341","0.753"
"Acartia tonsa","Pompholyx sp.","0.14","0.486","0.85"
"Eurytemora affinis","Pompholyx sp.","-0.136","0.5","0.857"
"Cyclops sp. ","Pompholyx sp.","0.0687","0.733","0.96"
"Nauplii Cyclopoida","Pompholyx sp.","0.16","0.426","0.811"
"Nauplii Calanoida","Pompholyx sp.","-0.104","0.605","0.9"
"Thermocyclops oithonoides","Pompholyx sp.","-0.273","0.169","0.572"
"Eurytemora lacustris","Pompholyx sp.","-0.106","0.599","0.9"
"Anureopsis fissa","Pompholyx sp.","0.217","0.276","0.718"
"Ascomorpha saltans","Pompholyx sp.","-0.249","0.21","0.656"
"Asplanchna priodonta","Pompholyx sp.","0.284","0.151","0.535"
"Brachionus angularis","Pompholyx sp.","-0.146","0.467","0.843"
"Brachionus calyciflorus calyciflorus","Pompholyx sp.","0.03","0.882","0.993"
"Brachionus calyciflorus f.amphiceros","Pompholyx sp.","0.171","0.394","0.781"
"Brachionus calyciflorus spinosus","Pompholyx sp.","-0.0763","0.705","0.955"
"Brachionus urceolaris","Pompholyx sp.","-0.00542","0.979","0.998"
"Brachionus calyciflorus f.anureiformis","Pompholyx sp.","-0.236","0.235","0.676"
"Filinia longiseta","Pompholyx sp.","-0.23","0.249","0.689"
"Keratella cochlearis cochlearis","Pompholyx sp.","-0.0959","0.634","0.908"
"Keratella cochlearis f.tecta","Pompholyx sp.","0.0963","0.633","0.908"
"Keratella quadrata","Pompholyx sp.","0.0722","0.721","0.956"
"Pedalia mira","Pompholyx sp.","-0.114","0.572","0.9"
"Polyarthra vulgaris","Pompholyx sp.","0.000604","0.998","0.998"
"Polyarthra platyptera","Pompholyx sp.","-0.177","0.378","0.772"
"Cyanobacteria","Synchaeta sp.","-0.0284","0.888","0.993"
"Chlorophyceae","Synchaeta sp.","0.279","0.158","0.549"
"Euglenophyceae","Synchaeta sp.","0.138","0.494","0.852"
"Diatomophyceae","Synchaeta sp.","0.447","0.0194","0.171"
"Flagellata   ","Synchaeta sp.","-0.167","0.405","0.79"
"Dinoflagellata ","Synchaeta sp.","0.53","0.00442","0.0736"
"Cryptophytes","Synchaeta sp.","-0.162","0.419","0.806"
"picophytoplankton","Synchaeta sp.","-0.171","0.393","0.781"
"Bosmina longirostris","Synchaeta sp.","-0.909","5.27e-11","1.37e-08"
"Ceriodaphnia sp.","Synchaeta sp.","0.0394","0.845","0.98"
"Diaphanosoma brachyurum ","Synchaeta sp.","-0.204","0.307","0.741"
"Leptodora kindtii","Synchaeta sp.","0.0401","0.843","0.979"
"Acartia longiremis","Synchaeta sp.","-0.18","0.369","0.772"
"Acartia tonsa","Synchaeta sp.","0.185","0.355","0.759"
"Eurytemora affinis","Synchaeta sp.","0.03","0.882","0.993"
"Cyclops sp. ","Synchaeta sp.","0.117","0.561","0.893"
"Nauplii Cyclopoida","Synchaeta sp.","0.326","0.0965","0.435"
"Nauplii Calanoida","Synchaeta sp.","0.0603","0.765","0.966"
"Thermocyclops oithonoides","Synchaeta sp.","-0.0743","0.713","0.955"
"Eurytemora lacustris","Synchaeta sp.","0.481","0.011","0.115"
"Anureopsis fissa","Synchaeta sp.","0.877","1.89e-09","2.95e-07"
"Ascomorpha saltans","Synchaeta sp.","-0.0596","0.768","0.966"
"Asplanchna priodonta","Synchaeta sp.","0.177","0.376","0.772"
"Brachionus angularis","Synchaeta sp.","-0.689","6.95e-05","0.00417"
"Brachionus calyciflorus calyciflorus","Synchaeta sp.","-0.134","0.504","0.859"
"Brachionus calyciflorus f.amphiceros","Synchaeta sp.","0.954","1.51e-14","5.91e-12"
"Brachionus calyciflorus spinosus","Synchaeta sp.","0.00484","0.981","0.998"
"Brachionus urceolaris","Synchaeta sp.","0.082","0.684","0.941"
"Brachionus calyciflorus f.anureiformis","Synchaeta sp.","-0.367","0.0594","0.345"
"Filinia longiseta","Synchaeta sp.","0.261","0.188","0.612"
"Keratella cochlearis cochlearis","Synchaeta sp.","0.016","0.937","0.998"
"Keratella cochlearis f.tecta","Synchaeta sp.","-0.0697","0.73","0.959"
"Keratella quadrata","Synchaeta sp.","-0.34","0.0828","0.406"
"Pedalia mira","Synchaeta sp.","0.116","0.565","0.894"
"Polyarthra vulgaris","Synchaeta sp.","-0.119","0.553","0.891"
"Polyarthra platyptera","Synchaeta sp.","-0.0476","0.813","0.976"
"Pompholyx sp.","Synchaeta sp.","-0.127","0.528","0.875"
"Cyanobacteria","Trichocerca pusilla","0.295","0.135","0.517"
"Chlorophyceae","Trichocerca pusilla","-0.36","0.0649","0.349"
"Euglenophyceae","Trichocerca pusilla","0.317","0.107","0.452"
"Diatomophyceae","Trichocerca pusilla","-0.0981","0.626","0.908"
"Flagellata   ","Trichocerca pusilla","0.515","0.00595","0.0844"
"Dinoflagellata ","Trichocerca pusilla","0.201","0.316","0.741"
"Cryptophytes","Trichocerca pusilla","-0.492","0.00917","0.108"
"picophytoplankton","Trichocerca pusilla","-0.17","0.398","0.784"
"Bosmina longirostris","Trichocerca pusilla","0.101","0.616","0.903"
"Ceriodaphnia sp.","Trichocerca pusilla","-0.423","0.0278","0.22"
"Diaphanosoma brachyurum ","Trichocerca pusilla","0.342","0.0806","0.398"
"Leptodora kindtii","Trichocerca pusilla","-0.104","0.606","0.9"
"Acartia longiremis","Trichocerca pusilla","0.489","0.00959","0.108"
"Acartia tonsa","Trichocerca pusilla","0.00576","0.977","0.998"
"Eurytemora affinis","Trichocerca pusilla","-0.175","0.382","0.772"
"Cyclops sp. ","Trichocerca pusilla","0.201","0.314","0.741"
"Nauplii Cyclopoida","Trichocerca pusilla","0.0563","0.78","0.976"
"Nauplii Calanoida","Trichocerca pusilla","-0.229","0.251","0.689"
"Thermocyclops oithonoides","Trichocerca pusilla","-0.393","0.0423","0.285"
"Eurytemora lacustris","Trichocerca pusilla","-0.346","0.077","0.39"
"Anureopsis fissa","Trichocerca pusilla","-0.136","0.499","0.857"
"Ascomorpha saltans","Trichocerca pusilla","-0.105","0.604","0.9"
"Asplanchna priodonta","Trichocerca pusilla","0.545","0.00326","0.0592"
"Brachionus angularis","Trichocerca pusilla","-0.14","0.487","0.85"
"Brachionus calyciflorus calyciflorus","Trichocerca pusilla","0.233","0.243","0.686"
"Brachionus calyciflorus f.amphiceros","Trichocerca pusilla","-0.14","0.487","0.85"
"Brachionus calyciflorus spinosus","Trichocerca pusilla","0.0312","0.877","0.993"
"Brachionus urceolaris","Trichocerca pusilla","-0.156","0.438","0.819"
"Brachionus calyciflorus f.anureiformis","Trichocerca pusilla","0.00501","0.98","0.998"
"Filinia longiseta","Trichocerca pusilla","-0.467","0.014","0.138"
"Keratella cochlearis cochlearis","Trichocerca pusilla","-0.25","0.208","0.655"
"Keratella cochlearis f.tecta","Trichocerca pusilla","0.0186","0.927","0.998"
"Keratella quadrata","Trichocerca pusilla","0.315","0.11","0.458"
"Pedalia mira","Trichocerca pusilla","-0.379","0.0513","0.313"
"Polyarthra vulgaris","Trichocerca pusilla","0.647","0.000264","0.0114"
"Polyarthra platyptera","Trichocerca pusilla","-0.635","0.000372","0.0153"
"Pompholyx sp.","Trichocerca pusilla","-0.206","0.302","0.741"
"Synchaeta sp.","Trichocerca pusilla","0.108","0.593","0.9"
"Cyanobacteria","Trichocerca similis","0.272","0.169","0.572"
"Chlorophyceae","Trichocerca similis","-0.0036","0.986","0.998"
"Euglenophyceae","Trichocerca similis","0.139","0.488","0.85"
"Diatomophyceae","Trichocerca similis","0.0338","0.867","0.991"
"Flagellata   ","Trichocerca similis","-0.4","0.0389","0.271"
"Dinoflagellata ","Trichocerca similis","-0.0969","0.631","0.908"
"Cryptophytes","Trichocerca similis","-0.148","0.46","0.839"
"picophytoplankton","Trichocerca similis","0.121","0.549","0.887"
"Bosmina longirostris","Trichocerca similis","0.0644","0.75","0.965"
"Ceriodaphnia sp.","Trichocerca similis","0.419","0.0296","0.226"
"Diaphanosoma brachyurum ","Trichocerca similis","0.36","0.0647","0.349"
"Leptodora kindtii","Trichocerca similis","0.0962","0.633","0.908"
"Acartia longiremis","Trichocerca similis","0.316","0.109","0.456"
"Acartia tonsa","Trichocerca similis","-0.69","6.88e-05","0.00417"
"Eurytemora affinis","Trichocerca similis","0.567","0.00202","0.0464"
"Cyclops sp. ","Trichocerca similis","-0.526","0.00486","0.0759"
"Nauplii Cyclopoida","Trichocerca similis","-0.276","0.163","0.561"
"Nauplii Calanoida","Trichocerca similis","0.053","0.793","0.976"
"Thermocyclops oithonoides","Trichocerca similis","0.0438","0.828","0.976"
"Eurytemora lacustris","Trichocerca similis","-0.269","0.174","0.58"
"Anureopsis fissa","Trichocerca similis","-0.153","0.446","0.828"
"Ascomorpha saltans","Trichocerca similis","0.204","0.308","0.741"
"Asplanchna priodonta","Trichocerca similis","0.464","0.0147","0.143"
"Brachionus angularis","Trichocerca similis","-0.125","0.533","0.879"
"Brachionus calyciflorus calyciflorus","Trichocerca similis","0.235","0.239","0.681"
"Brachionus calyciflorus f.amphiceros","Trichocerca similis","-0.118","0.557","0.892"
"Brachionus calyciflorus spinosus","Trichocerca similis","-0.0601","0.766","0.966"
"Brachionus urceolaris","Trichocerca similis","-0.672","0.000125","0.00573"
"Brachionus calyciflorus f.anureiformis","Trichocerca similis","0.306","0.121","0.49"
"Filinia longiseta","Trichocerca similis","-0.237","0.233","0.674"
"Keratella cochlearis cochlearis","Trichocerca similis","-0.14","0.486","0.85"
"Keratella cochlearis f.tecta","Trichocerca similis","-0.015","0.941","0.998"
"Keratella quadrata","Trichocerca similis","0.334","0.0886","0.421"
"Pedalia mira","Trichocerca similis","-0.453","0.0178","0.165"
"Polyarthra vulgaris","Trichocerca similis","0.22","0.27","0.707"
"Polyarthra platyptera","Trichocerca similis","0.436","0.0228","0.192"
"Pompholyx sp.","Trichocerca similis","0.0558","0.782","0.976"
"Synchaeta sp.","Trichocerca similis","0.091","0.652","0.919"
"Trichocerca pusilla","Trichocerca similis","0.221","0.267","0.706"
